{
  "main": {
    "id": "209aac0f45edc26a",
    "type": "split",
    "children": [
      {
        "id": "fb74365867000717",
        "type": "tabs",
        "children": [
          {
            "id": "fc275a8208c05669",
            "type": "leaf",
            "state": {
              "type": "markdown",
              "state": {
                "file": "README.md",
                "mode": "source",
                "source": false
              },
              "icon": "lucide-file",
              "title": "README"
            }
          },
          {
            "id": "731e986f55a52947",
            "type": "leaf",
            "state": {
              "type": "markdown",
              "state": {
                "file": "README.md",
                "mode": "source",
                "source": false
              },
              "icon": "lucide-file",
              "title": "README"
            }
          }
        ],
        "currentTab": 1
      }
    ],
    "direction": "vertical"
  },
  "left": {
    "id": "8d77859194aad5c3",
    "type": "split",
    "children": [
      {
        "id": "0c69916a1f819ede",
        "type": "tabs",
        "children": [
          {
            "id": "90adda7cc90f2343",
            "type": "leaf",
            "state": {
              "type": "file-explorer",
              "state": {
                "sortOrder": "alphabetical",
                "autoReveal": false
              },
              "icon": "lucide-folder-closed",
              "title": "Files"
            }
          },
          {
            "id": "9715fd1d9d109ee5",
            "type": "leaf",
            "state": {
              "type": "search",
              "state": {
                "query": "",
                "matchingCase": false,
                "explainSearch": false,
                "collapseAll": false,
                "extraContext": false,
                "sortOrder": "alphabetical"
              },
              "icon": "lucide-search",
              "title": "Search"
            }
          },
          {
            "id": "335a80861de681d9",
            "type": "leaf",
            "state": {
              "type": "bookmarks",
              "state": {},
              "icon": "lucide-bookmark",
              "title": "Bookmarks"
            }
          }
        ]
      }
    ],
    "direction": "horizontal",
    "width": 300
  },
  "right": {
    "id": "798d6f1032832241",
    "type": "split",
    "children": [
      {
        "id": "160a4b9c8003451a",
        "type": "tabs",
        "children": [
          {
            "id": "a626652a6e7d6ef1",
            "type": "leaf",
            "state": {
              "type": "backlink",
              "state": {
                "file": "README.md",
                "collapseAll": false,
                "extraContext": false,
                "sortOrder": "alphabetical",
                "showSearch": false,
                "searchQuery": "",
                "backlinkCollapsed": false,
                "unlinkedCollapsed": true
              },
              "icon": "links-coming-in",
              "title": "Backlinks for README"
            }
          },
          {
            "id": "1037c45ddc9fb3b0",
            "type": "leaf",
            "state": {
              "type": "outgoing-link",
              "state": {
                "file": "README.md",
                "linksCollapsed": false,
                "unlinkedCollapsed": true
              },
              "icon": "links-going-out",
              "title": "Outgoing links from README"
            }
          },
          {
            "id": "a8b25d5cd2553837",
            "type": "leaf",
            "state": {
              "type": "tag",
              "state": {
                "sortOrder": "frequency",
                "useHierarchy": true,
                "showSearch": false,
                "searchQuery": ""
              },
              "icon": "lucide-tags",
              "title": "Tags"
            }
          },
          {
            "id": "503c740833322168",
            "type": "leaf",
            "state": {
              "type": "outline",
              "state": {
                "file": "README.md",
                "followCursor": false,
                "showSearch": false,
                "searchQuery": ""
              },
              "icon": "lucide-list",
              "title": "Outline of README"
            }
          }
        ]
      }
    ],
    "direction": "horizontal",
    "width": 300,
    "collapsed": true
  },
  "left-ribbon": {
    "hiddenItems": {
      "switcher:Open quick switcher": false,
      "graph:Open graph view": false,
      "canvas:Create new canvas": false,
      "daily-notes:Open today's daily note": false,
      "templates:Insert template": false,
      "command-palette:Open command palette": false,
      "bases:Create new base": false
    }
  },
  "active": "731e986f55a52947",
  "lastOpenFiles": [
    "BeatBind/app.dist/beatbind.log.2025-11-02",
    "BeatBind/app.dist/beatbind.log.2025-11-01",
    "BeatBind/app.dist/beatbind.log.2025-10-31",
    "BeatBind/APP~1.DIS/beatbind.log",
    "BeatBind/app.dist/beatbind-config.json",
    "BeatBind/app.dist/beatbind.log",
    "BeatBind/app.dist/tcl8/8.6/http-2.9.5.tm",
    "BeatBind/app.dist/tcl8/8.6",
    "BeatBind/app.dist/tcl8/8.5/tcltest-2.5.3.tm",
    "BeatBind/app.dist/tcl8/8.5/msgcat-1.6.1.tm",
    "BeatBind/app.dist/tcl8/8.5",
    "BeatBind/app.dist/tk/images/tai-ku.gif",
    "BeatBind/app.dist/tk/images/pwrdLogo75.gif",
    "BeatBind/app.dist/tk/images/pwrdLogo200.gif",
    "BeatBind/app.dist/tk/images/pwrdLogo175.gif",
    "BeatBind/app.dist/tk/images/pwrdLogo150.gif",
    "BeatBind/app.dist/tk/images/pwrdLogo100.gif",
    "BeatBind/app.dist/tk/images/logoMed.gif",
    "BeatBind/app.dist/tk/images/logoLarge.gif",
    "BeatBind/app.dist/tk/images/logo64.gif",
    "BeatBind/app.dist/tk/images/logo100.gif",
    "BeatBind/app.dist/ttkthemes/themes/smog/LICENSE.md",
    "BeatBind/app.dist/ttkthemes/png/ubuntu/LICENSE.md",
    "BeatBind/app.dist/ttkthemes/png/scid/LICENSE.md",
    "BeatBind/app.dist/ttkthemes/png/adapta/LICENSE.md",
    "BeatBind/app.dist/ttkthemes/gif/ubuntu/LICENSE.md",
    "BeatBind/app.dist/ttkthemes/gif/scid/README.md",
    "BeatBind/app.dist/ttkthemes/gif/scid/LICENSE.md",
    "BeatBind/app.dist/ttkthemes/gif/adapta/LICENSE.md"
  ]
}