{"is_zoomed":false,"pane_tree":{"alt_screen_active":false,"bottom":{"alt_screen_active":false,"cwd":"C:/MyProgramFiles/msys64/home/jinpyo/","domain":"local","height":16,"index":2,"is_active":false,"is_zoomed":false,"left":0,"pixel_height":384,"pixel_width":2540,"text":"\u001b[38:2::255:255:255mjinpyo@DESKTOP-IE1M33H \u001b[38:2::9:115:192m~ \u001b[38:2::203:75:22m❯\u001b[38:2::202:202:2m❯\u001b[38:2::78:154:6m❯                                                                                                                                                                                                                                  \r\n\r\n\r\n\r\n\r\n\r\n\r\n\r\n\r\n\r\n\r\n\r\n\r\n\r\n\r\n\r\n\u001b[39m","top":37,"width":254},"cwd":"C:/MyProgramFiles/msys64/home/jinpyo/","domain":"local","height":36,"index":0,"is_active":true,"is_zoomed":false,"left":0,"pixel_height":864,"pixel_width":1260,"right":{"alt_screen_active":false,"cwd":"C:/MyProgramFiles/msys64/home/jinpyo/","domain":"local","height":36,"index":1,"is_active":false,"is_zoomed":false,"left":127,"pixel_height":864,"pixel_width":1270,"text":"\u001b[38:2::255:255:255mjinpyo@DESKTOP-IE1M33H \u001b[38:2::9:115:192m~ \u001b[38:2::203:75:22m❯\u001b[38:2::202:202:2m❯\u001b[38:2::78:154:6m❯                                                                                                   \r\n\r\n\r\n\r\n\r\n\r\n\r\n\r\n\r\n\r\n\r\n\r\n\r\n\r\n\r\n\r\n\r\n\r\n\r\n\r\n\r\n\r\n\r\n\r\n\r\n\r\n\r\n\r\n\r\n\r\n\r\n\r\n\r\n\r\n\r\n\r\n\u001b[39m","top":0,"width":127},"text":"\u001b[38:2::255:255:255mjinpyo@DESKTOP-IE1M33H \u001b[38:2::9:115:192m~ \u001b[38:2::203:75:22m❯\u001b[38:2::202:202:2m❯\u001b[38:2::78:154:6m❯                                                                                                  \r\n\r\n\r\n\r\n\r\n\r\n\r\n\r\n\r\n\r\n\r\n\r\n\r\n\r\n\r\n\r\n\r\n\r\n\r\n\r\n\r\n\r\n\r\n\r\n\r\n\r\n\r\n\r\n\r\n\r\n\r\n\r\n\r\n\r\n\r\n\r\n\u001b[39m","top":0,"width":126},"title":"3pane"}