{
  "is_zoomed": false,
  "pane_tree": {
    "alt_screen_active": false,
    "bottom": {
      "alt_screen_active": false,
      "cwd": "C:/MyProgramFiles/msys64/home/jinpyo/",
      "domain": "local",
      "height": 26,
      "index": 2,
      "is_active": false,
      "is_zoomed": false,
      "left": 0,
      "pixel_height": 624,
      "pixel_width": 1260,
      "text": "\u001b[38:2::255:255:255mjinpyo@DESKTOP-IE1M33H \u001b[38:2::9:115:192m~ \u001b[38:2::203:75:22m❯\u001b[38:2::202:202:2m❯\u001b[38:2::78:154:6m❯                                                                                                  \r\n\u001b[38:2::255:255:255mjinpyo@DESKTOP-IE1M33H \u001b[38:2::9:115:192m~ \u001b[38:2::203:75:22m❯\u001b[38:2::202:202:2m❯\u001b[38:2::78:154:6m❯                                                                                                  \r\n\r\n\r\n\r\n\r\n\r\n\r\n\r\n\r\n\r\n\r\n\r\n\r\n\r\n\r\n\r\n\r\n\r\n\r\n\r\n\r\n\r\n\r\n\r\n\r\n\r\n\u001b[39m",
      "top": 27,
      "width": 126,
      "right": {
        "alt_screen_active": false,
        "cwd": "C:/MyProgramFiles/msys64/home/jinpyo/",
        "domain": "local",
        "height": 26,
        "index": 1,
        "is_active": false,
        "is_zoomed": false,
        "left": 127,
        "pixel_height": 624,
        "pixel_width": 1270,
        "text": "\u001b[38:2::255:255:255mjinpyo@DESKTOP-IE1M33H \u001b[38:2::9:115:192m~ \u001b[38:2::203:75:22m❯\u001b[38:2::202:202:2m❯\u001b[38:2::78:154:6m❯                                                       \r\n                                            \r\n\r\n\r\n\r\n\r\n\r\n\r\n\r\n\r\n\r\n\r\n\r\n                                                                                   \r\n                                                                                   \r\n\u001b[38:2::255:255:255mjinpyo@DESKTOP-IE1M33H \u001b[38:2::9:115:192m~ \u001b[38:2::203:75:22m❯\u001b[38:2::202:202:2m❯\u001b[38:2::78:154:6m❯                                                                                                   \r\n\r\n\r\n\r\n\r\n\r\n\r\n\r\n\r\n\r\n\r\n\r\n\r\n\r\n\r\n\r\n\r\n\r\n\r\n\r\n\r\n\r\n\r\n\r\n\r\n\r\n\u001b[39m",
        "top": 0,
        "width": 127
      }
    },
    "cwd": "C:/MyProgramFiles/msys64/home/jinpyo/",
    "domain": "local",
    "height": 26,
    "index": 0,
    "is_active": true,
    "is_zoomed": false,
    "left": 0,
    "pixel_height": 624,
    "pixel_width": 1260,
    "right": {
      "alt_screen_active": false,
      "cwd": "C:/MyProgramFiles/msys64/home/jinpyo/",
      "domain": "local",
      "height": 26,
      "index": 1,
      "is_active": false,
      "is_zoomed": false,
      "left": 127,
      "pixel_height": 624,
      "pixel_width": 1270,
      "text": "\u001b[38:2::255:255:255mjinpyo@DESKTOP-IE1M33H \u001b[38:2::9:115:192m~ \u001b[38:2::203:75:22m❯\u001b[38:2::202:202:2m❯\u001b[38:2::78:154:6m❯                                                       \r\n                                            \r\n\r\n\r\n\r\n\r\n\r\n\r\n\r\n\r\n\r\n\r\n\r\n                                                                                   \r\n                                                                                   \r\n\u001b[38:2::255:255:255mjinpyo@DESKTOP-IE1M33H \u001b[38:2::9:115:192m~ \u001b[38:2::203:75:22m❯\u001b[38:2::202:202:2m❯\u001b[38:2::78:154:6m❯                                                                                                   \r\n\r\n\r\n\r\n\r\n\r\n\r\n\r\n\r\n\r\n\r\n\r\n\r\n\r\n\r\n\r\n\r\n\r\n\r\n\r\n\r\n\r\n\r\n\r\n\r\n\r\n\u001b[39m",
      "top": 0,
      "width": 127
    },
    "text": "\u001b[38:2::255:255:255mjinpyo@DESKTOP-IE1M33H \u001b[38:2::9:115:192m~ \u001b[38:2::203:75:22m❯\u001b[38:2::202:202:2m❯\u001b[38:2::78:154:6m❯                                                                                                  \r\n\r\n\r\n\r\n\r\n\r\n\r\n\r\n\r\n\r\n\r\n\r\n\r\n\r\n\r\n\r\n\r\n\r\n\r\n\r\n\r\n\r\n\r\n\r\n\r\n\r\n\u001b[39m",
    "top": 0,
    "width": 126
  },
  "title": "4panetest"
}
